-- -------------------------------------------------------------
-- TablePlus 7.1.0(710)
--
-- https://tableplus.com/
--
-- Database: local
-- Generation Time: 2026-06-12 13:30:07.6340
-- -------------------------------------------------------------


/*!40101 SET @OLD_CHARACTER_SET_CLIENT=@@CHARACTER_SET_CLIENT */;
/*!40101 SET @OLD_CHARACTER_SET_RESULTS=@@CHARACTER_SET_RESULTS */;
/*!40101 SET @OLD_COLLATION_CONNECTION=@@COLLATION_CONNECTION */;
/*!40101 SET NAMES utf8mb4 */;
/*!40014 SET @OLD_UNIQUE_CHECKS=@@UNIQUE_CHECKS, UNIQUE_CHECKS=0 */;
/*!40014 SET @OLD_FOREIGN_KEY_CHECKS=@@FOREIGN_KEY_CHECKS, FOREIGN_KEY_CHECKS=0 */;
/*!40101 SET @OLD_SQL_MODE=@@SQL_MODE, SQL_MODE='NO_AUTO_VALUE_ON_ZERO' */;
/*!40111 SET @OLD_SQL_NOTES=@@SQL_NOTES, SQL_NOTES=0 */;


DROP TABLE IF EXISTS `wp_hbk_bookings`;
CREATE TABLE `wp_hbk_bookings` (
  `id` int unsigned NOT NULL AUTO_INCREMENT,
  `reference` varchar(20) COLLATE utf8mb4_unicode_ci NOT NULL,
  `guest_id` int unsigned NOT NULL,
  `room_id` int unsigned NOT NULL,
  `check_in` int unsigned NOT NULL,
  `check_out` int unsigned NOT NULL,
  `nights` tinyint unsigned NOT NULL,
  `guests_count` tinyint unsigned NOT NULL,
  `total_amount` decimal(10,2) NOT NULL,
  `amount_paid` decimal(10,2) NOT NULL DEFAULT '0.00',
  `status` tinyint unsigned NOT NULL,
  `payment_status` tinyint unsigned NOT NULL,
  `source` varchar(20) COLLATE utf8mb4_unicode_ci NOT NULL,
  `notes` varchar(255) COLLATE utf8mb4_unicode_ci DEFAULT NULL,
  `created_at` datetime NOT NULL,
  `updated_at` datetime NOT NULL,
  PRIMARY KEY (`id`),
  UNIQUE KEY `reference` (`reference`),
  KEY `status` (`status`),
  KEY `guest_id` (`guest_id`),
  KEY `room_id` (`room_id`),
  KEY `check_in` (`check_in`)
) ENGINE=InnoDB AUTO_INCREMENT=211 DEFAULT CHARSET=utf8mb4 COLLATE=utf8mb4_unicode_ci;

DROP TABLE IF EXISTS `wp_hbk_guests`;
CREATE TABLE `wp_hbk_guests` (
  `id` int unsigned NOT NULL AUTO_INCREMENT,
  `first_name` varchar(60) COLLATE utf8mb4_unicode_ci NOT NULL,
  `last_name` varchar(60) COLLATE utf8mb4_unicode_ci NOT NULL,
  `full_name` varchar(121) COLLATE utf8mb4_unicode_ci GENERATED ALWAYS AS (concat(`first_name`,_utf8mb4' ',`last_name`)) STORED,
  `email` varchar(120) COLLATE utf8mb4_unicode_ci NOT NULL,
  `phone` varchar(30) COLLATE utf8mb4_unicode_ci DEFAULT NULL,
  `country` char(2) COLLATE utf8mb4_unicode_ci DEFAULT NULL,
  `created_at` datetime NOT NULL,
  PRIMARY KEY (`id`),
  KEY `email` (`email`)
) ENGINE=InnoDB AUTO_INCREMENT=81 DEFAULT CHARSET=utf8mb4 COLLATE=utf8mb4_unicode_ci;

DROP TABLE IF EXISTS `wp_hbk_rooms`;
CREATE TABLE `wp_hbk_rooms` (
  `id` int unsigned NOT NULL AUTO_INCREMENT,
  `room_code` varchar(20) COLLATE utf8mb4_unicode_ci NOT NULL,
  `room_type` varchar(60) COLLATE utf8mb4_unicode_ci NOT NULL,
  `capacity` tinyint unsigned NOT NULL,
  `rate` decimal(10,2) NOT NULL,
  `active` tinyint(1) NOT NULL DEFAULT '1',
  PRIMARY KEY (`id`)
) ENGINE=InnoDB AUTO_INCREMENT=11 DEFAULT CHARSET=utf8mb4 COLLATE=utf8mb4_unicode_ci;

INSERT INTO `wp_hbk_bookings` (`id`, `reference`, `guest_id`, `room_id`, `check_in`, `check_out`, `nights`, `guests_count`, `total_amount`, `amount_paid`, `status`, `payment_status`, `source`, `notes`, `created_at`, `updated_at`) VALUES
(1, 'BK-2026-0001', 1, 3, 1768053600, 1768298400, 3, 2, 435.00, 435.00, 3, 2, 'direct', NULL, '2025-12-20 10:00:00', '2026-01-13 11:00:00'),
(2, 'BK-2026-0002', 5, 6, 1770040800, 1770372000, 4, 2, 1180.00, 1180.00, 3, 2, 'booking.com', NULL, '2026-01-15 14:30:00', '2026-02-06 11:00:00'),
(3, 'BK-2026-0003', 9, 1, 1771077600, 1771236000, 2, 2, 190.00, 190.00, 3, 2, 'airbnb', NULL, '2026-01-30 09:10:00', '2026-02-16 11:00:00'),
(4, 'BK-2026-0004', 12, 7, 1772719200, 1773136800, 5, 4, 1975.00, 1975.00, 3, 2, 'direct', NULL, '2026-02-10 16:45:00', '2026-03-10 11:00:00'),
(5, 'BK-2026-0005', 3, 5, 1774015200, 1774260000, 3, 2, 675.00, 675.00, 3, 2, 'expedia', NULL, '2026-02-25 11:20:00', '2026-03-23 11:00:00'),
(6, 'BK-2026-0006', 18, 9, 1775048400, 1775379600, 4, 4, 700.00, 700.00, 3, 2, 'direct', NULL, '2026-03-12 13:00:00', '2026-04-05 11:00:00'),
(7, 'BK-2026-0007', 7, 4, 1776258000, 1776502800, 3, 3, 435.00, 435.00, 3, 2, 'booking.com', NULL, '2026-03-28 10:30:00', '2026-04-18 11:00:00'),
(8, 'BK-2026-0008', 20, 8, 1776862800, 1777280400, 5, 6, 2250.00, 2250.00, 3, 2, 'direct', 'Anniversary – champagne on arrival', '2026-03-30 15:15:00', '2026-04-27 11:00:00'),
(9, 'BK-2026-0009', 14, 2, 1777726800, 1777885200, 2, 2, 190.00, 190.00, 3, 2, 'airbnb', NULL, '2026-04-10 12:00:00', '2026-05-04 11:00:00'),
(10, 'BK-2026-0010', 23, 6, 1778418000, 1778749200, 4, 3, 1180.00, 1180.00, 3, 2, 'phone', NULL, '2026-04-18 09:45:00', '2026-05-14 11:00:00'),
(11, 'BK-2026-0011', 2, 10, 1779109200, 1779267600, 2, 1, 150.00, 150.00, 3, 2, 'direct', NULL, '2026-04-25 14:10:00', '2026-05-20 11:00:00'),
(12, 'BK-2026-0012', 16, 3, 1779714000, 1780045200, 4, 2, 580.00, 580.00, 3, 2, 'expedia', NULL, '2026-05-01 11:30:00', '2026-05-29 11:00:00'),
(13, 'BK-2026-0013', 4, 7, 1781787600, 1782118800, 4, 5, 1580.00, 790.00, 1, 1, 'direct', NULL, '2026-05-20 10:05:00', '2026-05-20 10:05:00'),
(14, 'BK-2026-0014', 8, 5, 1781960400, 1782291600, 4, 2, 900.00, 900.00, 1, 2, 'booking.com', NULL, '2026-05-22 16:20:00', '2026-05-22 16:20:00'),
(15, 'BK-2026-0015', 11, 1, 1782392400, 1782637200, 3, 2, 285.00, 285.00, 1, 2, 'airbnb', NULL, '2026-05-28 09:00:00', '2026-05-28 09:00:00'),
(16, 'BK-2026-0016', 19, 8, 1782910800, 1783328400, 5, 6, 2250.00, 1125.00, 1, 1, 'direct', 'Requested late check-out', '2026-05-30 13:40:00', '2026-05-30 13:40:00'),
(17, 'BK-2026-0017', 6, 6, 1783170000, 1783501200, 4, 3, 1180.00, 590.00, 1, 1, 'expedia', NULL, '2026-06-01 10:50:00', '2026-06-01 10:50:00'),
(18, 'BK-2026-0018', 21, 4, 1783688400, 1783933200, 3, 3, 435.00, 435.00, 1, 2, 'direct', NULL, '2026-06-02 14:15:00', '2026-06-02 14:15:00'),
(19, 'BK-2026-0019', 10, 9, 1784120400, 1784538000, 5, 4, 875.00, 437.50, 1, 1, 'booking.com', NULL, '2026-06-03 11:25:00', '2026-06-03 11:25:00'),
(20, 'BK-2026-0020', 24, 3, 1784379600, 1784624400, 3, 2, 435.00, 435.00, 1, 2, 'phone', NULL, '2026-06-05 09:35:00', '2026-06-05 09:35:00'),
(21, 'BK-2026-0021', 13, 5, 1785589200, 1785920400, 4, 2, 900.00, 450.00, 1, 1, 'direct', NULL, '2026-06-06 15:50:00', '2026-06-06 15:50:00'),
(22, 'BK-2026-0022', 15, 2, 1786194000, 1786438800, 3, 2, 285.00, 285.00, 1, 2, 'airbnb', NULL, '2026-06-08 10:10:00', '2026-06-08 10:10:00'),
(23, 'BK-2026-0023', 17, 7, 1786539600, 1787043600, 6, 5, 2370.00, 1185.00, 1, 1, 'direct', NULL, '2026-06-09 13:05:00', '2026-06-09 13:05:00'),
(24, 'BK-2026-0024', 22, 10, 1787230800, 1787475600, 3, 1, 225.00, 225.00, 1, 2, 'expedia', NULL, '2026-06-10 09:20:00', '2026-06-10 09:20:00'),
(25, 'BK-2026-0025', 1, 6, 1788267600, 1788598800, 4, 2, 1180.00, 590.00, 1, 1, 'direct', NULL, '2026-06-11 14:45:00', '2026-06-11 14:45:00'),
(26, 'BK-2026-0026', 5, 4, 1782651600, 1782896400, 3, 2, 435.00, 0.00, 0, 0, 'booking.com', NULL, '2026-06-09 11:00:00', '2026-06-09 11:00:00'),
(27, 'BK-2026-0027', 9, 8, 1784725200, 1785056400, 4, 6, 1800.00, 0.00, 0, 0, 'direct', NULL, '2026-06-10 16:30:00', '2026-06-10 16:30:00'),
(28, 'BK-2026-0028', 12, 1, 1784984400, 1785142800, 2, 2, 190.00, 0.00, 0, 0, 'airbnb', NULL, '2026-06-10 17:10:00', '2026-06-10 17:10:00'),
(29, 'BK-2026-0029', 7, 5, 1786798800, 1787130000, 4, 3, 900.00, 0.00, 0, 0, 'expedia', NULL, '2026-06-11 09:55:00', '2026-06-11 09:55:00'),
(30, 'BK-2026-0030', 20, 9, 1787403600, 1787734800, 4, 4, 700.00, 0.00, 0, 0, 'direct', NULL, '2026-06-11 13:25:00', '2026-06-11 13:25:00'),
(31, 'BK-2026-0031', 3, 3, 1789045200, 1789290000, 3, 2, 435.00, 0.00, 0, 0, 'phone', NULL, '2026-06-12 08:40:00', '2026-06-12 08:40:00'),
(32, 'BK-2026-0032', 18, 7, 1789477200, 1789894800, 5, 5, 1975.00, 0.00, 0, 0, 'direct', NULL, '2026-06-12 10:15:00', '2026-06-12 10:15:00'),
(33, 'BK-2026-0033', 14, 10, 1790082000, 1790240400, 2, 1, 150.00, 0.00, 0, 0, 'booking.com', NULL, '2026-06-12 11:50:00', '2026-06-12 11:50:00'),
(34, 'BK-2026-0034', 2, 6, 1781528400, 1781773200, 3, 2, 885.00, 0.00, 2, 0, 'direct', 'Guest cancelled – flight issues', '2026-05-15 10:00:00', '2026-06-02 09:00:00'),
(35, 'BK-2026-0035', 11, 5, 1779282000, 1779526800, 3, 2, 675.00, 225.00, 2, 1, 'booking.com', 'Partial refund issued', '2026-04-20 14:00:00', '2026-05-10 16:00:00'),
(36, 'BK-2026-0036', 23, 4, 1783256400, 1783501200, 3, 3, 435.00, 0.00, 2, 0, 'airbnb', NULL, '2026-06-01 12:30:00', '2026-06-07 10:00:00'),
(37, 'BK-2026-0037', 6, 8, 1785589200, 1785834000, 3, 6, 1350.00, 0.00, 2, 0, 'direct', 'Double booking – cancelled', '2026-06-05 15:00:00', '2026-06-08 11:00:00'),
(38, 'BK-2026-0038', 19, 1, 1775826000, 1775984400, 2, 2, 190.00, 95.00, 2, 1, 'expedia', 'No-show – one night charged', '2026-03-20 09:00:00', '2026-04-11 09:00:00'),
(39, 'BK-2026-0039', 10, 9, 1788613200, 1788944400, 4, 4, 700.00, 0.00, 2, 0, 'direct', NULL, '2026-06-10 10:40:00', '2026-06-11 14:00:00'),
(40, 'BK-2026-0040', 24, 2, 1781096400, 1781254800, 2, 2, 190.00, 0.00, 2, 0, 'phone', NULL, '2026-06-08 13:00:00', '2026-06-09 09:00:00'),
(41, 'BK-2026-0041', 76, 1, 1799848800, 1800180000, 4, 1, 380.00, 0.00, 0, 0, 'expedia', NULL, '2026-05-24 02:44:57', '2026-05-24 02:44:57'),
(42, 'BK-2026-0042', 52, 6, 1761397200, 1761991200, 7, 2, 2065.00, 2065.00, 3, 2, 'expedia', NULL, '2025-10-01 11:49:35', '2025-11-01 00:39:18'),
(43, 'BK-2026-0043', 29, 5, 1755954000, 1756198800, 3, 2, 675.00, 675.00, 3, 2, 'phone', NULL, '2025-06-30 08:25:55', '2025-08-26 02:44:29'),
(44, 'BK-2026-0044', 58, 10, 1808053200, 1808298000, 3, 1, 225.00, 112.50, 1, 1, 'direct', NULL, '2026-05-23 05:36:14', '2026-05-23 05:36:14'),
(45, 'BK-2026-0045', 77, 5, 1789045200, 1789203600, 2, 1, 450.00, 225.00, 1, 1, 'direct', NULL, '2026-05-23 11:30:09', '2026-05-23 11:30:09'),
(46, 'BK-2026-0046', 44, 2, 1762869600, 1763287200, 5, 2, 475.00, 0.00, 2, 0, 'phone', NULL, '2025-09-16 14:09:42', '2025-09-26 14:09:42'),
(47, 'BK-2026-0047', 60, 2, 1793109600, 1793268000, 2, 1, 190.00, 0.00, 0, 0, 'airbnb', NULL, '2026-05-23 04:36:24', '2026-05-23 04:36:24'),
(48, 'BK-2026-0048', 24, 3, 1806156000, 1806310800, 2, 2, 290.00, 290.00, 1, 2, 'expedia', NULL, '2026-05-31 18:15:38', '2026-05-31 18:15:38'),
(49, 'BK-2026-0049', 28, 2, 1791378000, 1791622800, 3, 1, 285.00, 285.00, 1, 2, 'direct', NULL, '2026-05-28 05:58:59', '2026-05-28 05:58:59'),
(50, 'BK-2026-0050', 38, 5, 1789909200, 1790154000, 3, 1, 675.00, 0.00, 2, 0, 'phone', NULL, '2026-05-26 03:34:38', '2026-06-03 03:34:38'),
(51, 'BK-2026-0051', 23, 10, 1755522000, 1755766800, 3, 1, 225.00, 225.00, 3, 2, 'airbnb', NULL, '2025-07-23 16:49:39', '2025-08-21 03:31:51'),
(52, 'BK-2026-0052', 78, 3, 1789650000, 1789808400, 2, 2, 290.00, 0.00, 0, 0, 'expedia', NULL, '2026-05-23 09:15:46', '2026-05-23 09:15:46'),
(53, 'BK-2026-0053', 27, 6, 1768831200, 1769335200, 6, 2, 1770.00, 1770.00, 3, 2, 'phone', NULL, '2026-01-07 04:45:46', '2026-01-25 00:38:05'),
(54, 'BK-2026-0054', 62, 6, 1770991200, 1771408800, 5, 1, 1475.00, 1475.00, 3, 2, 'direct', 'Left a 5-star review', '2026-01-11 20:33:09', '2026-02-18 04:13:19'),
(55, 'BK-2026-0055', 32, 10, 1783256400, 1783414800, 2, 1, 150.00, 0.00, 0, 0, 'booking.com', 'Quiet room requested', '2026-04-29 02:45:18', '2026-04-29 02:45:18'),
(56, 'BK-2026-0056', 45, 6, 1780059600, 1780304400, 3, 4, 885.00, 885.00, 3, 2, 'expedia', NULL, '2026-04-27 17:24:20', '2026-06-01 03:21:18'),
(57, 'BK-2026-0057', 66, 7, 1755522000, 1756112400, 7, 3, 2765.00, 2765.00, 3, 2, 'direct', 'Anniversary – champagne on arrival', '2025-05-21 19:01:11', '2025-08-25 05:16:48'),
(58, 'BK-2026-0058', 79, 6, 1775221200, 1775638800, 5, 1, 1475.00, 1475.00, 3, 2, 'booking.com', NULL, '2026-02-06 15:13:01', '2026-04-08 03:49:00'),
(59, 'BK-2026-0059', 47, 4, 1777122000, 1777453200, 4, 2, 580.00, 580.00, 3, 2, 'booking.com', NULL, '2026-03-14 09:16:15', '2026-04-29 02:18:36'),
(60, 'BK-2026-0060', 35, 4, 1763992800, 1764237600, 3, 3, 435.00, 435.00, 3, 2, 'airbnb', NULL, '2025-08-29 13:59:57', '2025-11-27 01:00:01'),
(61, 'BK-2026-0061', 28, 1, 1783083600, 1783587600, 6, 1, 570.00, 570.00, 1, 2, 'airbnb', 'Celebrating a birthday', '2026-04-28 11:11:21', '2026-04-28 11:11:21'),
(62, 'BK-2026-0062', 29, 3, 1768053600, 1768471200, 5, 1, 725.00, 725.00, 3, 2, 'booking.com', NULL, '2025-11-26 09:08:48', '2026-01-15 04:00:29'),
(63, 'BK-2026-0063', 26, 3, 1789995600, 1790326800, 4, 1, 580.00, 580.00, 1, 2, 'direct', NULL, '2026-06-01 06:43:25', '2026-06-01 06:43:25'),
(64, 'BK-2026-0064', 72, 6, 1758632400, 1758790800, 2, 1, 590.00, 590.00, 3, 2, 'booking.com', NULL, '2025-08-04 12:08:56', '2025-09-25 00:19:10'),
(65, 'BK-2026-0065', 61, 1, 1759755600, 1760173200, 5, 1, 475.00, 475.00, 3, 2, 'booking.com', NULL, '2025-07-24 14:25:42', '2025-10-11 03:34:21'),
(66, 'BK-2026-0066', 42, 1, 1764684000, 1764928800, 3, 1, 285.00, 285.00, 3, 2, 'airbnb', NULL, '2025-10-22 11:20:45', '2025-12-05 03:09:38'),
(67, 'BK-2026-0067', 12, 1, 1778418000, 1778662800, 3, 1, 285.00, 285.00, 3, 2, 'booking.com', NULL, '2026-03-26 17:39:26', '2026-05-13 01:10:48'),
(68, 'BK-2026-0068', 48, 5, 1783083600, 1783328400, 3, 1, 675.00, 0.00, 2, 0, 'expedia', NULL, '2026-04-28 16:10:10', '2026-05-01 16:10:10'),
(69, 'BK-2026-0069', 35, 2, 1757941200, 1758186000, 3, 1, 285.00, 94.05, 2, 1, 'expedia', NULL, '2025-07-12 16:41:41', '2025-07-21 16:41:41'),
(70, 'BK-2026-0070', 39, 6, 1779541200, 1779958800, 5, 1, 1475.00, 1475.00, 3, 2, 'direct', NULL, '2026-03-27 22:30:19', '2026-05-28 05:54:24'),
(71, 'BK-2026-0071', 36, 5, 1808139600, 1808384400, 3, 3, 675.00, 0.00, 0, 0, 'expedia', NULL, '2026-06-04 10:22:40', '2026-06-04 10:22:40'),
(72, 'BK-2026-0072', 41, 7, 1765375200, 1765620000, 3, 4, 1185.00, 1185.00, 3, 2, 'booking.com', NULL, '2025-09-11 14:19:01', '2025-12-13 05:22:50'),
(73, 'BK-2026-0073', 42, 4, 1783256400, 1783501200, 3, 1, 435.00, 0.00, 0, 0, 'expedia', 'Honeymoon – flowers in room', '2026-04-25 02:08:52', '2026-04-25 02:08:52'),
(74, 'BK-2026-0074', 56, 2, 1780405200, 1780477200, 1, 1, 95.00, 0.00, 2, 0, 'expedia', NULL, '2026-03-30 21:57:07', '2026-04-13 21:57:07'),
(75, 'BK-2026-0075', 75, 1, 1804687200, 1804932000, 3, 2, 285.00, 0.00, 0, 0, 'booking.com', NULL, '2026-06-03 03:01:49', '2026-06-03 03:01:49'),
(76, 'BK-2026-0076', 40, 5, 1792242000, 1792486800, 3, 3, 675.00, 0.00, 0, 0, 'phone', NULL, '2026-06-05 19:52:14', '2026-06-05 19:52:14'),
(77, 'BK-2026-0077', 34, 5, 1801663200, 1801908000, 3, 3, 675.00, 675.00, 1, 2, 'expedia', NULL, '2026-06-04 09:43:42', '2026-06-04 09:43:42'),
(78, 'BK-2026-0078', 45, 5, 1789822800, 1789981200, 2, 3, 450.00, 225.00, 1, 1, 'booking.com', NULL, '2026-06-05 09:40:26', '2026-06-05 09:40:26'),
(79, 'BK-2026-0079', 53, 6, 1802527200, 1802772000, 3, 1, 885.00, 0.00, 0, 0, 'booking.com', 'Requested late check-out', '2026-06-09 12:29:38', '2026-06-09 12:29:38'),
(80, 'BK-2026-0080', 43, 4, 1795442400, 1795773600, 4, 1, 580.00, 0.00, 0, 0, 'airbnb', NULL, '2026-05-24 20:27:09', '2026-05-24 20:27:09'),
(81, 'BK-2026-0081', 34, 2, 1773324000, 1773655200, 4, 2, 380.00, 380.00, 3, 2, 'booking.com', 'Upgraded on arrival', '2026-01-07 15:04:37', '2026-03-16 04:05:57'),
(82, 'BK-2026-0082', 39, 2, 1807621200, 1808125200, 6, 2, 570.00, 285.00, 1, 1, 'booking.com', NULL, '2026-06-06 14:05:14', '2026-06-06 14:05:14'),
(83, 'BK-2026-0083', 42, 6, 1759410000, 1759654800, 3, 4, 885.00, 885.00, 3, 2, 'expedia', NULL, '2025-07-31 07:45:56', '2025-10-05 03:49:09'),
(84, 'BK-2026-0084', 48, 3, 1772805600, 1772877600, 1, 2, 145.00, 145.00, 3, 2, 'airbnb', NULL, '2026-01-03 16:54:35', '2026-03-07 02:39:37'),
(85, 'BK-2026-0085', 3, 3, 1785070800, 1785229200, 2, 2, 290.00, 0.00, 2, 0, 'direct', 'Guest cancelled – change of plans', '2026-05-13 20:58:57', '2026-05-17 20:58:57'),
(86, 'BK-2026-0086', 69, 2, 1801490400, 1801735200, 3, 1, 285.00, 285.00, 1, 2, 'expedia', NULL, '2026-05-22 02:16:59', '2026-05-22 02:16:59'),
(87, 'BK-2026-0087', 53, 3, 1767880800, 1768125600, 3, 1, 435.00, 435.00, 3, 2, 'direct', NULL, '2025-10-23 22:55:34', '2026-01-11 03:59:26'),
(88, 'BK-2026-0088', 11, 1, 1793973600, 1794391200, 5, 1, 475.00, 0.00, 2, 0, 'phone', NULL, '2026-06-03 11:17:51', '2026-06-11 03:30:29'),
(89, 'BK-2026-0089', 11, 4, 1773756000, 1774173600, 5, 1, 725.00, 725.00, 3, 2, 'expedia', NULL, '2026-02-12 12:39:59', '2026-03-22 00:44:41'),
(90, 'BK-2026-0090', 22, 5, 1791378000, 1791795600, 5, 1, 1125.00, 562.50, 1, 1, 'direct', NULL, '2026-05-27 02:41:00', '2026-05-27 02:41:00'),
(91, 'BK-2026-0091', 29, 2, 1791464400, 1791795600, 4, 2, 380.00, 380.00, 1, 2, 'booking.com', NULL, '2026-06-07 07:01:25', '2026-06-07 07:01:25'),
(92, 'BK-2026-0092', 25, 4, 1793455200, 1793872800, 5, 2, 725.00, 0.00, 2, 0, 'direct', NULL, '2026-06-05 00:24:26', '2026-06-11 03:17:29'),
(93, 'BK-2026-0093', 11, 10, 1790859600, 1790931600, 1, 1, 75.00, 0.00, 0, 0, 'direct', NULL, '2026-06-11 10:18:49', '2026-06-11 10:18:49'),
(94, 'BK-2026-0094', 33, 2, 1784811600, 1785056400, 3, 1, 285.00, 0.00, 0, 0, 'direct', NULL, '2026-05-10 04:00:55', '2026-05-10 04:00:55'),
(95, 'BK-2026-0095', 43, 2, 1805032800, 1805277600, 3, 1, 285.00, 0.00, 0, 0, 'phone', NULL, '2026-06-01 05:11:21', '2026-06-01 05:11:21'),
(96, 'BK-2026-0096', 7, 8, 1783515600, 1783933200, 5, 3, 2250.00, 1125.00, 1, 1, 'expedia', NULL, '2026-06-02 06:05:45', '2026-06-02 06:05:45'),
(97, 'BK-2026-0097', 51, 5, 1769781600, 1770026400, 3, 1, 675.00, 222.75, 2, 1, 'phone', NULL, '2026-01-10 10:22:10', '2026-01-13 10:22:10'),
(98, 'BK-2026-0098', 4, 3, 1770904800, 1771495200, 7, 1, 1015.00, 1015.00, 3, 2, 'booking.com', 'Upgraded on arrival', '2025-11-17 04:02:58', '2026-02-19 05:41:25'),
(99, 'BK-2026-0099', 60, 6, 1775134800, 1775379600, 3, 2, 885.00, 885.00, 3, 2, 'phone', NULL, '2026-03-02 03:55:43', '2026-04-05 00:24:14'),
(100, 'BK-2026-0100', 55, 2, 1795010400, 1795341600, 4, 1, 380.00, 0.00, 0, 0, 'direct', NULL, '2026-06-02 12:55:51', '2026-06-02 12:55:51'),
(101, 'BK-2026-0101', 59, 3, 1808658000, 1809075600, 5, 2, 725.00, 239.25, 2, 1, 'direct', NULL, '2026-06-11 14:27:20', '2026-06-11 14:27:20'),
(102, 'BK-2026-0102', 2, 9, 1791896400, 1792400400, 6, 2, 1050.00, 0.00, 0, 0, 'airbnb', NULL, '2026-05-28 19:12:54', '2026-05-28 19:12:54'),
(103, 'BK-2026-0103', 12, 3, 1798984800, 1799402400, 5, 1, 725.00, 0.00, 0, 0, 'expedia', NULL, '2026-06-07 12:02:54', '2026-06-07 12:02:54'),
(104, 'BK-2026-0104', 68, 1, 1777208400, 1777798800, 7, 1, 665.00, 665.00, 3, 2, 'direct', NULL, '2026-02-01 07:59:03', '2026-05-03 04:40:50'),
(105, 'BK-2026-0105', 61, 3, 1767016800, 1767175200, 2, 2, 290.00, 290.00, 3, 2, 'booking.com', 'Left a 5-star review', '2025-12-17 11:39:19', '2025-12-31 02:02:17'),
(106, 'BK-2026-0106', 34, 3, 1778590800, 1779008400, 5, 2, 725.00, 725.00, 3, 2, 'direct', 'Anniversary – champagne on arrival', '2026-04-20 20:26:08', '2026-05-17 00:08:22'),
(107, 'BK-2026-0107', 24, 1, 1799935200, 1800525600, 7, 2, 665.00, 0.00, 0, 0, 'airbnb', NULL, '2026-06-11 03:10:08', '2026-06-11 03:10:08'),
(108, 'BK-2026-0108', 62, 2, 1808744400, 1808989200, 3, 2, 285.00, 285.00, 1, 2, 'expedia', NULL, '2026-05-25 21:40:55', '2026-05-25 21:40:55'),
(109, 'BK-2026-0109', 23, 2, 1775480400, 1775725200, 3, 1, 285.00, 285.00, 3, 2, 'airbnb', NULL, '2026-01-28 07:11:44', '2026-04-09 05:55:41'),
(110, 'BK-2026-0110', 54, 6, 1759496400, 1759741200, 3, 4, 885.00, 0.00, 2, 0, 'expedia', NULL, '2025-07-25 06:25:28', '2025-08-05 06:25:28'),
(111, 'BK-2026-0111', 25, 9, 1760965200, 1761210000, 3, 4, 525.00, 175.00, 2, 1, 'phone', NULL, '2025-09-21 14:18:21', '2025-10-16 14:18:21'),
(112, 'BK-2026-0112', 66, 2, 1794060000, 1794218400, 2, 2, 190.00, 95.00, 1, 1, 'expedia', NULL, '2026-06-09 03:26:45', '2026-06-09 03:26:45'),
(113, 'BK-2026-0113', 45, 4, 1805032800, 1805277600, 3, 3, 435.00, 0.00, 0, 0, 'direct', NULL, '2026-05-27 22:25:43', '2026-05-27 22:25:43'),
(114, 'BK-2026-0114', 55, 7, 1787144400, 1787648400, 6, 3, 2370.00, 0.00, 0, 0, 'direct', NULL, '2026-05-27 05:23:17', '2026-05-27 05:23:17'),
(115, 'BK-2026-0115', 26, 2, 1774706400, 1774947600, 3, 1, 285.00, 285.00, 3, 2, 'expedia', NULL, '2026-02-19 15:48:58', '2026-03-31 03:13:35'),
(116, 'BK-2026-0116', 77, 6, 1803132000, 1803549600, 5, 1, 1475.00, 0.00, 2, 0, 'booking.com', NULL, '2026-05-31 12:33:37', '2026-06-02 12:33:37'),
(117, 'BK-2026-0117', 33, 5, 1788181200, 1788253200, 1, 3, 225.00, 225.00, 1, 2, 'phone', NULL, '2026-06-03 06:28:15', '2026-06-03 06:28:15'),
(118, 'BK-2026-0118', 50, 3, 1781355600, 1781427600, 1, 1, 145.00, 145.00, 1, 2, 'direct', NULL, '2026-04-28 14:57:56', '2026-04-28 14:57:56'),
(119, 'BK-2026-0119', 37, 2, 1777899600, 1777971600, 1, 2, 95.00, 95.00, 3, 2, 'booking.com', NULL, '2026-02-09 17:37:05', '2026-05-05 02:10:56'),
(120, 'BK-2026-0120', 1, 8, 1756126800, 1756544400, 5, 4, 2250.00, 2250.00, 3, 2, 'expedia', 'Left a 5-star review', '2025-07-19 13:21:09', '2025-08-30 00:53:05'),
(121, 'BK-2026-0121', 11, 6, 1808139600, 1808470800, 4, 2, 1180.00, 0.00, 0, 0, 'airbnb', 'Allergy: feather-free pillows', '2026-05-31 07:14:33', '2026-05-31 07:14:33'),
(122, 'BK-2026-0122', 62, 3, 1785848400, 1786266000, 5, 2, 725.00, 0.00, 0, 0, 'booking.com', NULL, '2026-05-12 09:05:00', '2026-05-12 09:05:00'),
(123, 'BK-2026-0123', 77, 6, 1776517200, 1776762000, 3, 1, 885.00, 0.00, 2, 0, 'phone', NULL, '2026-02-27 14:36:36', '2026-03-22 14:36:36'),
(124, 'BK-2026-0124', 36, 5, 1783429200, 1783587600, 2, 3, 450.00, 450.00, 1, 2, 'expedia', NULL, '2026-05-01 05:02:27', '2026-05-01 05:02:27'),
(125, 'BK-2026-0125', 20, 2, 1765029600, 1765274400, 3, 1, 285.00, 285.00, 3, 2, 'phone', 'Left a 5-star review', '2025-09-11 01:18:01', '2025-12-09 02:05:50'),
(126, 'BK-2026-0126', 72, 3, 1762524000, 1762768800, 3, 2, 435.00, 435.00, 3, 2, 'phone', NULL, '2025-08-26 13:36:13', '2025-11-10 03:37:28'),
(127, 'BK-2026-0127', 27, 3, 1763647200, 1763805600, 2, 2, 290.00, 0.00, 2, 0, 'booking.com', NULL, '2025-09-26 05:59:55', '2025-10-17 05:59:55'),
(128, 'BK-2026-0128', 21, 6, 1756472400, 1756976400, 6, 1, 1770.00, 1770.00, 3, 2, 'booking.com', NULL, '2025-08-09 12:52:18', '2025-09-04 02:48:27'),
(129, 'BK-2026-0129', 47, 6, 1801058400, 1801476000, 5, 3, 1475.00, 0.00, 0, 0, 'expedia', NULL, '2026-05-30 01:48:51', '2026-05-30 01:48:51'),
(130, 'BK-2026-0130', 21, 5, 1760706000, 1761123600, 5, 2, 1125.00, 1125.00, 3, 2, 'direct', NULL, '2025-09-07 02:16:17', '2025-10-22 04:51:16'),
(131, 'BK-2026-0131', 16, 10, 1800280800, 1800525600, 3, 1, 225.00, 225.00, 1, 2, 'booking.com', NULL, '2026-06-02 19:01:47', '2026-06-02 19:01:47'),
(132, 'BK-2026-0132', 67, 3, 1786885200, 1787130000, 3, 2, 435.00, 0.00, 0, 0, 'direct', NULL, '2026-05-22 00:59:09', '2026-05-22 00:59:09'),
(133, 'BK-2026-0133', 24, 10, 1759323600, 1759482000, 2, 1, 150.00, 49.50, 2, 1, 'airbnb', NULL, '2025-09-11 15:40:18', '2025-09-24 15:40:18'),
(134, 'BK-2026-0134', 23, 3, 1768140000, 1768298400, 2, 2, 290.00, 290.00, 3, 2, 'expedia', NULL, '2025-12-02 00:51:09', '2026-01-13 05:54:40'),
(135, 'BK-2026-0135', 39, 7, 1774962000, 1775293200, 4, 3, 1580.00, 1580.00, 3, 2, 'direct', NULL, '2026-03-20 11:15:07', '2026-04-04 01:47:16'),
(136, 'BK-2026-0136', 18, 5, 1804946400, 1805104800, 2, 1, 450.00, 450.00, 1, 2, 'phone', NULL, '2026-05-24 09:52:46', '2026-05-24 09:52:46'),
(137, 'BK-2026-0137', 71, 1, 1788526800, 1788944400, 5, 2, 475.00, 0.00, 2, 0, 'direct', NULL, '2026-05-28 05:39:28', '2026-06-08 05:39:28'),
(138, 'BK-2026-0138', 13, 4, 1803045600, 1803636000, 7, 1, 1015.00, 0.00, 2, 0, 'direct', NULL, '2026-06-09 12:23:51', '2026-06-11 16:25:32'),
(139, 'BK-2026-0139', 25, 3, 1771509600, 1771754400, 3, 2, 435.00, 435.00, 3, 2, 'airbnb', NULL, '2025-11-23 20:06:32', '2026-02-22 04:21:39'),
(140, 'BK-2026-0140', 74, 4, 1760533200, 1760864400, 4, 1, 580.00, 580.00, 3, 2, 'airbnb', NULL, '2025-09-05 08:22:03', '2025-10-19 02:53:32'),
(141, 'BK-2026-0141', 21, 3, 1798207200, 1798365600, 2, 2, 290.00, 290.00, 1, 2, 'direct', NULL, '2026-06-06 03:50:39', '2026-06-06 03:50:39'),
(142, 'BK-2026-0142', 31, 3, 1793887200, 1794391200, 6, 1, 870.00, 287.10, 2, 1, 'airbnb', NULL, '2026-06-11 01:35:17', '2026-06-11 09:06:09'),
(143, 'BK-2026-0143', 39, 5, 1808571600, 1809162000, 7, 2, 1575.00, 0.00, 0, 0, 'phone', NULL, '2026-05-27 07:03:34', '2026-05-27 07:03:34'),
(144, 'BK-2026-0144', 54, 2, 1798466400, 1799056800, 7, 1, 665.00, 0.00, 2, 0, 'airbnb', NULL, '2026-06-05 01:15:42', '2026-06-11 21:20:47'),
(145, 'BK-2026-0145', 57, 3, 1777122000, 1777626000, 6, 1, 870.00, 870.00, 3, 2, 'booking.com', NULL, '2026-02-10 11:54:26', '2026-05-01 05:43:11'),
(146, 'BK-2026-0146', 35, 6, 1769349600, 1769594400, 3, 1, 885.00, 885.00, 3, 2, 'direct', 'Returning guest', '2025-11-04 02:52:28', '2026-01-28 01:03:12'),
(147, 'BK-2026-0147', 55, 4, 1808226000, 1808298000, 1, 3, 145.00, 0.00, 0, 0, 'expedia', NULL, '2026-05-28 23:12:39', '2026-05-28 23:12:39'),
(148, 'BK-2026-0148', 34, 2, 1763560800, 1763719200, 2, 2, 190.00, 190.00, 3, 2, 'phone', NULL, '2025-09-15 23:06:40', '2025-11-21 00:10:43'),
(149, 'BK-2026-0149', 65, 2, 1805637600, 1805796000, 2, 1, 190.00, 190.00, 1, 2, 'phone', NULL, '2026-05-30 06:32:57', '2026-05-30 06:32:57'),
(150, 'BK-2026-0150', 20, 6, 1791205200, 1791363600, 2, 3, 590.00, 590.00, 1, 2, 'direct', NULL, '2026-06-07 07:00:34', '2026-06-07 07:00:34'),
(151, 'BK-2026-0151', 76, 2, 1786194000, 1786438800, 3, 2, 285.00, 142.50, 1, 1, 'booking.com', 'Honeymoon – flowers in room', '2026-05-27 23:07:03', '2026-05-27 23:07:03'),
(152, 'BK-2026-0152', 27, 5, 1798380000, 1798711200, 4, 1, 900.00, 0.00, 0, 0, 'phone', NULL, '2026-05-24 18:31:25', '2026-05-24 18:31:25'),
(153, 'BK-2026-0153', 75, 4, 1804428000, 1804672800, 3, 2, 435.00, 0.00, 0, 0, 'airbnb', NULL, '2026-05-22 13:42:01', '2026-05-22 13:42:01'),
(154, 'BK-2026-0154', 38, 4, 1765288800, 1765620000, 4, 2, 580.00, 580.00, 3, 2, 'direct', NULL, '2025-09-14 14:06:27', '2025-12-13 02:59:30'),
(155, 'BK-2026-0155', 33, 4, 1759928400, 1760086800, 2, 1, 290.00, 290.00, 3, 2, 'phone', 'Upgraded on arrival', '2025-09-16 23:03:16', '2025-10-10 03:45:42'),
(156, 'BK-2026-0156', 46, 1, 1788354000, 1788771600, 5, 1, 475.00, 0.00, 0, 0, 'airbnb', 'Ground-floor room requested', '2026-06-10 15:02:11', '2026-06-10 15:02:11'),
(157, 'BK-2026-0157', 63, 5, 1795356000, 1795687200, 4, 1, 900.00, 0.00, 0, 0, 'booking.com', NULL, '2026-06-07 11:16:44', '2026-06-07 11:16:44'),
(158, 'BK-2026-0158', 56, 4, 1758718800, 1758877200, 2, 2, 290.00, 290.00, 3, 2, 'airbnb', NULL, '2025-08-08 11:02:49', '2025-09-26 05:05:33'),
(159, 'BK-2026-0159', 73, 1, 1763906400, 1764064800, 2, 2, 190.00, 190.00, 3, 2, 'direct', NULL, '2025-11-06 05:21:24', '2025-11-25 03:28:57'),
(160, 'BK-2026-0160', 12, 1, 1801490400, 1801821600, 4, 2, 380.00, 0.00, 0, 0, 'direct', NULL, '2026-06-03 01:31:38', '2026-06-03 01:31:38'),
(161, 'BK-2026-0161', 45, 6, 1784638800, 1784797200, 2, 1, 590.00, 0.00, 2, 0, 'expedia', NULL, '2026-05-26 20:23:56', '2026-05-29 20:23:56'),
(162, 'BK-2026-0162', 2, 3, 1756904400, 1757494800, 7, 1, 1015.00, 1015.00, 3, 2, 'phone', NULL, '2025-07-18 09:18:03', '2025-09-10 02:28:30'),
(163, 'BK-2026-0163', 57, 4, 1794924000, 1795255200, 4, 1, 580.00, 0.00, 2, 0, 'airbnb', 'No-show – one night charged', '2026-05-31 22:59:56', '2026-06-11 14:37:11'),
(164, 'BK-2026-0164', 38, 4, 1788267600, 1788598800, 4, 3, 580.00, 290.00, 1, 1, 'phone', NULL, '2026-05-27 07:01:21', '2026-05-27 07:01:21'),
(165, 'BK-2026-0165', 60, 5, 1765807200, 1765879200, 1, 2, 225.00, 225.00, 3, 2, 'expedia', NULL, '2025-09-22 22:56:10', '2025-12-16 00:18:55'),
(166, 'BK-2026-0166', 60, 5, 1773669600, 1774000800, 4, 2, 900.00, 0.00, 2, 0, 'expedia', NULL, '2026-01-04 13:03:39', '2026-01-07 13:03:39'),
(167, 'BK-2026-0167', 37, 5, 1774447200, 1775034000, 7, 3, 1575.00, 1575.00, 3, 2, 'direct', NULL, '2026-02-12 22:36:22', '2026-04-01 00:03:58'),
(168, 'BK-2026-0168', 59, 6, 1767276000, 1767693600, 5, 1, 1475.00, 0.00, 2, 0, 'airbnb', NULL, '2025-10-22 00:59:15', '2025-11-03 00:59:15'),
(169, 'BK-2026-0169', 1, 2, 1797429600, 1797847200, 5, 2, 475.00, 0.00, 2, 0, 'phone', 'Cancelled – found another property', '2026-06-03 09:43:06', '2026-06-11 12:53:04'),
(170, 'BK-2026-0170', 34, 4, 1783342800, 1783674000, 4, 3, 580.00, 0.00, 0, 0, 'direct', NULL, '2026-05-28 23:16:17', '2026-05-28 23:16:17'),
(171, 'BK-2026-0171', 39, 5, 1785070800, 1785661200, 7, 2, 1575.00, 787.50, 1, 1, 'airbnb', NULL, '2026-06-10 08:38:26', '2026-06-10 08:38:26'),
(172, 'BK-2026-0172', 37, 3, 1773496800, 1773828000, 4, 1, 580.00, 0.00, 2, 0, 'phone', NULL, '2026-01-25 18:46:47', '2026-02-24 18:46:47'),
(173, 'BK-2026-0173', 34, 1, 1775653200, 1776070800, 5, 1, 475.00, 475.00, 3, 2, 'direct', NULL, '2026-01-14 02:18:18', '2026-04-13 05:19:05'),
(174, 'BK-2026-0174', 70, 2, 1759150800, 1759482000, 4, 1, 380.00, 380.00, 3, 2, 'airbnb', NULL, '2025-08-22 07:59:36', '2025-10-03 03:33:21'),
(175, 'BK-2026-0175', 77, 2, 1761051600, 1761296400, 3, 2, 285.00, 0.00, 2, 0, 'airbnb', NULL, '2025-09-06 14:53:57', '2025-09-20 14:53:57'),
(176, 'BK-2026-0176', 42, 3, 1791723600, 1791882000, 2, 2, 290.00, 145.00, 1, 1, 'expedia', NULL, '2026-06-03 19:20:29', '2026-06-03 19:20:29'),
(177, 'BK-2026-0177', 14, 3, 1763906400, 1764237600, 4, 2, 580.00, 580.00, 3, 2, 'airbnb', NULL, '2025-09-07 09:39:59', '2025-11-27 01:25:22'),
(178, 'BK-2026-0178', 58, 3, 1775653200, 1776070800, 5, 1, 725.00, 725.00, 3, 2, 'expedia', NULL, '2026-03-09 21:11:57', '2026-04-13 00:33:52'),
(179, 'BK-2026-0179', 76, 3, 1770818400, 1771063200, 3, 2, 435.00, 435.00, 3, 2, 'phone', 'Left a 5-star review', '2025-11-15 02:05:02', '2026-02-14 04:52:39'),
(180, 'BK-2026-0180', 16, 6, 1781874000, 1782291600, 5, 3, 1475.00, 737.50, 1, 1, 'direct', NULL, '2026-04-02 00:56:00', '2026-04-02 00:56:00'),
(181, 'BK-2026-0181', 42, 3, 1798898400, 1799402400, 6, 1, 870.00, 870.00, 1, 2, 'airbnb', NULL, '2026-06-02 02:18:27', '2026-06-02 02:18:27'),
(182, 'BK-2026-0182', 47, 1, 1759755600, 1760000400, 3, 1, 285.00, 95.00, 2, 1, 'direct', NULL, '2025-09-17 08:57:09', '2025-09-21 08:57:09'),
(183, 'BK-2026-0183', 73, 2, 1761310800, 1761559200, 3, 2, 285.00, 285.00, 3, 2, 'phone', NULL, '2025-09-18 00:56:48', '2025-10-27 05:24:27'),
(184, 'BK-2026-0184', 25, 5, 1805551200, 1805796000, 3, 1, 675.00, 0.00, 2, 0, 'airbnb', NULL, '2026-06-01 08:54:28', '2026-06-11 20:05:20'),
(185, 'BK-2026-0185', 19, 7, 1780146000, 1780650000, 6, 2, 2370.00, 0.00, 2, 0, 'airbnb', 'Flight cancelled', '2026-04-04 02:14:14', '2026-04-15 02:14:14'),
(186, 'BK-2026-0186', 6, 2, 1755781200, 1756285200, 6, 2, 570.00, 570.00, 3, 2, 'direct', NULL, '2025-08-04 03:04:32', '2025-08-27 01:37:47'),
(187, 'BK-2026-0187', 22, 1, 1799157600, 1799402400, 3, 1, 285.00, 0.00, 0, 0, 'phone', NULL, '2026-05-31 08:26:29', '2026-05-31 08:26:29'),
(188, 'BK-2026-0188', 49, 1, 1771250400, 1771581600, 4, 1, 380.00, 380.00, 3, 2, 'booking.com', NULL, '2025-12-19 19:45:28', '2026-02-20 04:37:55'),
(189, 'BK-2026-0189', 8, 8, 1772460000, 1772704800, 3, 3, 1350.00, 1350.00, 3, 2, 'direct', NULL, '2026-01-03 14:40:00', '2026-03-05 03:19:28'),
(190, 'BK-2026-0190', 59, 5, 1799244000, 1799748000, 6, 1, 1350.00, 0.00, 0, 0, 'expedia', NULL, '2026-06-04 20:53:31', '2026-06-04 20:53:31'),
(191, 'BK-2026-0191', 16, 5, 1763388000, 1763805600, 5, 3, 1125.00, 1125.00, 3, 2, 'booking.com', NULL, '2025-10-07 19:23:05', '2025-11-22 05:42:16'),
(192, 'BK-2026-0192', 49, 3, 1769695200, 1770112800, 5, 2, 725.00, 725.00, 3, 2, 'expedia', NULL, '2025-11-10 18:43:57', '2026-02-03 04:50:29'),
(193, 'BK-2026-0193', 31, 1, 1767794400, 1768298400, 6, 1, 570.00, 0.00, 2, 0, 'phone', NULL, '2025-11-01 09:51:58', '2025-12-01 09:51:58'),
(194, 'BK-2026-0194', 3, 6, 1789304400, 1789549200, 3, 4, 885.00, 442.50, 1, 1, 'direct', NULL, '2026-05-23 13:42:33', '2026-05-23 13:42:33'),
(195, 'BK-2026-0195', 37, 5, 1785589200, 1785920400, 4, 3, 900.00, 900.00, 1, 2, 'airbnb', 'Honeymoon – flowers in room', '2026-05-09 13:14:38', '2026-05-09 13:14:38'),
(196, 'BK-2026-0196', 45, 6, 1806156000, 1806397200, 3, 3, 885.00, 442.50, 1, 1, 'expedia', NULL, '2026-05-31 06:07:19', '2026-05-31 06:07:19'),
(197, 'BK-2026-0197', 38, 2, 1804773600, 1805191200, 5, 1, 475.00, 0.00, 2, 0, 'airbnb', NULL, '2026-05-28 12:18:35', '2026-06-07 12:18:35'),
(198, 'BK-2026-0198', 10, 3, 1776949200, 1777194000, 3, 1, 435.00, 435.00, 3, 2, 'airbnb', 'Anniversary – champagne on arrival', '2026-03-29 11:00:29', '2026-04-26 01:37:48'),
(199, 'BK-2026-0199', 17, 4, 1789304400, 1789894800, 7, 2, 1015.00, 1015.00, 1, 2, 'direct', 'Ground-floor room requested', '2026-06-07 17:29:47', '2026-06-07 17:29:47'),
(200, 'BK-2026-0200', 30, 3, 1786885200, 1787216400, 4, 1, 580.00, 580.00, 1, 2, 'phone', NULL, '2026-05-23 21:15:08', '2026-05-23 21:15:08'),
(201, 'BK-2026-0201', 31, 6, 1806584400, 1807174800, 7, 2, 2065.00, 0.00, 0, 0, 'booking.com', NULL, '2026-06-02 07:58:19', '2026-06-02 07:58:19'),
(202, 'BK-2026-0202', 44, 4, 1806584400, 1806829200, 3, 2, 435.00, 0.00, 0, 0, 'airbnb', NULL, '2026-05-26 01:09:15', '2026-05-26 01:09:15'),
(203, 'BK-2026-0203', 14, 10, 1765116000, 1765360800, 3, 1, 225.00, 225.00, 3, 2, 'phone', NULL, '2025-10-21 23:40:46', '2025-12-10 04:23:01'),
(204, 'BK-2026-0204', 70, 4, 1775998800, 1776243600, 3, 2, 435.00, 435.00, 3, 2, 'direct', NULL, '2026-02-13 17:24:23', '2026-04-15 00:43:14'),
(205, 'BK-2026-0205', 12, 4, 1785330000, 1785661200, 4, 3, 580.00, 580.00, 1, 2, 'airbnb', 'Allergy: feather-free pillows', '2026-06-07 21:08:51', '2026-06-07 21:08:51'),
(206, 'BK-2026-0206', 26, 6, 1805378400, 1805536800, 2, 2, 590.00, 0.00, 0, 0, 'airbnb', NULL, '2026-06-04 10:29:38', '2026-06-04 10:29:38'),
(207, 'BK-2026-0207', 49, 7, 1806843600, 1807088400, 3, 3, 1185.00, 0.00, 0, 0, 'expedia', NULL, '2026-05-24 02:24:24', '2026-05-24 02:24:24'),
(208, 'BK-2026-0208', 10, 4, 1798466400, 1798711200, 3, 1, 435.00, 217.50, 1, 1, 'expedia', 'Quiet room requested', '2026-05-22 11:48:56', '2026-05-22 11:48:56'),
(209, 'BK-2026-0209', 6, 1, 1791810000, 1792400400, 7, 1, 665.00, 332.50, 1, 1, 'booking.com', NULL, '2026-06-04 18:14:24', '2026-06-04 18:14:24'),
(210, 'BK-2026-0210', 12, 3, 1807534800, 1807779600, 3, 2, 435.00, 435.00, 1, 2, 'direct', NULL, '2026-06-09 10:45:34', '2026-06-09 10:45:34');

INSERT INTO `wp_hbk_guests` (`id`, `first_name`, `last_name`, `email`, `phone`, `country`, `created_at`) VALUES
(1, 'Emma', 'Johnson', 'emma.johnson@example.com', '+1-202-555-0142', 'US', '2025-11-03 09:14:00'),
(2, 'Liam', 'Smith', 'liam.smith@example.com', '+44-20-7946-0958', 'GB', '2025-11-15 16:40:00'),
(3, 'Olivia', 'Müller', 'olivia.mueller@example.com', '+49-30-901820', 'DE', '2025-12-01 11:05:00'),
(4, 'Noah', 'Dubois', 'noah.dubois@example.com', '+33-1-70180099', 'FR', '2025-12-10 13:22:00'),
(5, 'Sofia', 'Rossi', 'sofia.rossi@example.com', '+39-06-69887200', 'IT', '2025-12-18 18:30:00'),
(6, 'Lucas', 'García', 'lucas.garcia@example.com', '+34-91-1234567', 'ES', '2026-01-05 08:50:00'),
(7, 'Mia', 'van Dijk', 'mia.vandijk@example.com', '+31-20-7947000', 'NL', '2026-01-12 10:15:00'),
(8, 'Erik', 'Andersson', 'erik.andersson@example.com', '+46-8-50550000', 'SE', '2026-01-20 14:05:00'),
(9, 'Isabel', 'Costa', 'isabel.costa@example.com', '+351-21-1234567', 'PT', '2026-01-28 12:00:00'),
(10, 'Sean', 'O\'Brien', 'sean.obrien@example.com', '+353-1-6711000', 'IE', '2026-02-03 17:45:00'),
(11, 'Freja', 'Nielsen', 'freja.nielsen@example.com', '+45-33-111000', 'DK', '2026-02-11 09:30:00'),
(12, 'Piotr', 'Kowalski', 'piotr.kowalski@example.com', '+48-22-1234567', 'PL', '2026-02-19 15:20:00'),
(13, 'Eliška', 'Nováková', 'eliska.novakova@example.com', '+420-2-21111111', 'CZ', '2026-02-27 11:40:00'),
(14, 'Onni', 'Virtanen', 'onni.virtanen@example.com', '+358-9-1811', 'FI', '2026-03-04 13:10:00'),
(15, 'Anna', 'Horváth', 'anna.horvath@example.com', '+36-1-2660000', 'HU', '2026-03-12 16:25:00'),
(16, 'Georgi', 'Petrov', 'georgi.petrov@example.com', '+359-2-9876543', 'BG', '2026-03-20 10:00:00'),
(17, 'Maria', 'Silva', 'maria.silva@example.com', '+55-11-30420000', 'BR', '2026-03-28 19:15:00'),
(18, 'David', 'Cohen', 'david.cohen@example.com', '+972-3-7654321', 'IL', '2026-04-02 08:35:00'),
(19, 'Yuki', 'Tanaka', 'yuki.tanaka@example.com', '+81-3-32130000', 'JP', '2026-04-10 12:50:00'),
(20, 'Min-jun', 'Kim', 'minjun.kim@example.com', '+82-2-7300000', 'KR', '2026-04-18 14:30:00'),
(21, 'Chloé', 'Dupont', 'chloe.dupont@example.com', '+33-4-91130000', 'FR', '2026-04-26 09:05:00'),
(22, 'Aoife', 'Murphy', 'aoife.murphy@example.com', '+353-21-4270000', 'IE', '2026-05-02 17:00:00'),
(23, 'Eleni', 'Papadopoulos', 'eleni.papadopoulos@example.com', '+30-21-0320000', 'GR', '2026-05-10 11:25:00'),
(24, 'Marco', 'Bianchi', 'marco.bianchi@example.com', '+39-02-72000000', 'IT', '2026-05-18 13:40:00'),
(25, 'Frida', 'Lindqvist', 'frida.lindqvist25@example.com', '+34-57-1647982', 'ES', '2025-11-07 01:50:53'),
(26, 'Joris', 'Dvořák', 'joris.dvorak26@example.com', '+45-65-7542958', 'DK', '2025-08-21 02:28:55'),
(27, 'Léa', 'Toht', 'lea.toht27@example.com', '+359-28-6011018', 'BG', '2025-11-19 15:34:46'),
(28, 'Märta', 'Lefèvre', 'marta.lefevre28@example.com', '+30-88-9154641', 'GR', '2025-10-14 16:45:36'),
(29, 'Niko', 'Lehtinen', 'niko.lehtinen29@example.com', '+40-43-3395983', 'RO', '2026-04-11 21:19:31'),
(30, 'Agnès', 'Hofmann', 'agnes.hofmann30@example.com', '+1-90-9607648', 'US', '2025-11-03 07:38:22'),
(31, 'Csaba', 'Kovács', 'csaba.kovacs31@example.com', '+34-50-2789076', 'ES', '2026-05-08 04:55:17'),
(32, 'Mehmet', 'Laurent', 'mehmet.laurent32@example.com', '+45-77-3363885', 'DK', '2026-05-01 10:48:50'),
(33, 'Cosimo', 'Pereira', 'cosimo.pereira33@example.com', '+359-95-1211321', 'BG', '2025-09-14 05:18:18'),
(34, 'Pavel', 'Nyström', 'pavel.nystrom34@example.com', '+30-85-4681299', 'GR', '2025-11-13 04:50:28'),
(35, 'Sinéad', 'Romano', 'sinead.romano35@example.com', '+40-15-6566952', 'RO', '2026-04-19 20:47:45'),
(36, 'Vincenzo', 'Bakker', 'vincenzo.bakker36@example.com', '+1-17-8191540', 'US', '2026-04-27 16:39:04'),
(37, 'Bence', 'Małecki', 'bence.malecki37@example.com', '+34-21-9443911', 'ES', '2025-10-21 03:03:44'),
(38, 'Théo', 'Okonkwo', 'theo.okonkwo38@example.com', '+45-12-5526463', 'DK', '2025-12-14 04:36:30'),
(39, 'Esmé', 'Haddad', 'esme.haddad39@example.com', '+359-53-6613846', 'BG', '2026-01-02 17:30:02'),
(40, 'Mateo', 'Bjørnstad', 'mateo.bjornstad40@example.com', '+30-74-1304923', 'GR', '2025-11-29 01:36:05'),
(41, 'Søren', 'Moreau', 'soren.moreau41@example.com', '+40-99-3573928', 'RO', '2025-10-31 12:03:34'),
(42, 'Zoë', 'Almeida', 'zoe.almeida42@example.com', '+1-28-1691595', 'US', '2025-11-26 18:15:03'),
(43, 'Tomáš', 'Brandt', 'tomas.brandt43@example.com', '+34-68-6212828', 'ES', '2026-02-17 11:38:38'),
(44, 'Renée', 'Saarinen', 'renee.saarinen44@example.com', '+45-15-8229818', 'DK', '2026-02-28 11:26:40'),
(45, 'Saoirse', 'Fernández', 'saoirse.fernandez45@example.com', '+359-18-3774016', 'BG', '2026-04-16 05:29:33'),
(46, 'Mireille', 'Janssen', 'mireille.janssen46@example.com', '+30-28-3226333', 'GR', '2025-08-16 11:57:17'),
(47, 'Janneke', 'Schmitt', 'janneke.schmitt47@example.com', '+40-57-3179683', 'RO', '2026-01-25 02:24:44'),
(48, 'Nuno', 'Vermeulen', 'nuno.vermeulen48@example.com', '+1-51-4990296', 'US', '2025-08-02 20:09:31'),
(49, 'Margaux', 'Conti', 'margaux.conti49@example.com', '+34-10-1800907', 'ES', '2025-08-18 08:30:49'),
(50, 'Eero', 'Vasquez', 'eero.vasquez50@example.com', '+45-93-5692687', 'DK', '2025-10-01 16:10:13'),
(51, 'Núria', 'Kovačević', 'nuria.kovacevic51@example.com', '+359-23-4138332', 'BG', '2025-12-05 17:44:20'),
(52, 'Matteo', 'Esposito', 'matteo.esposito52@example.com', '+30-35-3177446', 'GR', '2026-03-23 05:48:39'),
(53, 'Sofía', 'de Vries', 'sofia.devries53@example.com', '+40-98-8258729', 'RO', '2026-04-04 22:36:48'),
(54, 'Lucca', 'Jürgens', 'lucca.jurgens54@example.com', '+1-34-5948207', 'US', '2025-09-25 13:21:15'),
(55, 'Łukasz', 'Mensah', 'ukasz.mensah55@example.com', '+34-85-4017695', 'ES', '2026-02-13 20:28:44'),
(56, 'Ingrid', 'Nakamura', 'ingrid.nakamura56@example.com', '+45-57-7035614', 'DK', '2026-03-01 03:23:44'),
(57, 'Björn', 'Wójcik', 'bjorn.wojcik57@example.com', '+359-32-6693507', 'BG', '2025-11-17 18:58:54'),
(58, 'Émile', 'Marchetti', 'mile.marchetti58@example.com', '+30-78-2374027', 'GR', '2026-02-08 07:52:27'),
(59, 'Aylin', 'Sørensen', 'aylin.sorensen59@example.com', '+40-81-1170579', 'RO', '2025-10-13 04:17:41'),
(60, 'Annika', 'Þórarson', 'annika.orarson60@example.com', '+1-78-7375488', 'US', '2025-10-18 20:19:39'),
(61, 'Dragana', 'Halvorsen', 'dragana.halvorsen61@example.com', '+34-98-8035365', 'ES', '2025-09-20 13:20:43'),
(62, 'Henrik', 'Ferrari', 'henrik.ferrari62@example.com', '+45-23-3858069', 'DK', '2025-09-17 11:32:42'),
(63, 'Katarzyna', 'Schröder', 'katarzyna.schroder63@example.com', '+359-44-6911580', 'BG', '2025-09-10 09:05:25'),
(64, 'Aleksander', 'Girard', 'aleksander.girard64@example.com', '+30-69-9531962', 'GR', '2025-11-16 09:54:14'),
(65, 'Frida', 'Lindqvist', 'frida.lindqvist65@example.com', '+40-15-6843925', 'RO', '2026-04-11 03:30:06'),
(66, 'Joris', 'Dvořák', 'joris.dvorak66@example.com', '+1-41-5887374', 'US', '2025-10-05 07:26:22'),
(67, 'Léa', 'Toht', 'lea.toht67@example.com', '+34-57-6437235', 'ES', '2025-10-30 18:37:01'),
(68, 'Märta', 'Lefèvre', 'marta.lefevre68@example.com', '+45-98-5395336', 'DK', '2026-04-06 04:27:37'),
(69, 'Niko', 'Lehtinen', 'niko.lehtinen69@example.com', '+359-79-2574179', 'BG', '2026-01-11 07:14:24'),
(70, 'Agnès', 'Hofmann', 'agnes.hofmann70@example.com', '+30-11-9138335', 'GR', '2025-08-05 08:02:17'),
(71, 'Csaba', 'Kovács', 'csaba.kovacs71@example.com', '+40-17-9466352', 'RO', '2025-10-11 05:50:10'),
(72, 'Mehmet', 'Laurent', 'mehmet.laurent72@example.com', '+1-11-7722410', 'US', '2025-08-22 07:51:43'),
(73, 'Cosimo', 'Pereira', 'cosimo.pereira73@example.com', '+34-38-4688253', 'ES', '2026-01-10 12:05:18'),
(74, 'Pavel', 'Nyström', 'pavel.nystrom74@example.com', '+45-15-7835058', 'DK', '2025-11-21 04:59:41'),
(75, 'Sinéad', 'Romano', 'sinead.romano75@example.com', '+359-67-6231747', 'BG', '2025-09-16 00:08:06'),
(76, 'Vincenzo', 'Bakker', 'vincenzo.bakker76@example.com', '+30-22-7015883', 'GR', '2025-09-13 22:58:43'),
(77, 'Bence', 'Małecki', 'bence.malecki77@example.com', '+40-98-2966724', 'RO', '2026-05-16 23:37:48'),
(78, 'Théo', 'Okonkwo', 'theo.okonkwo78@example.com', '+1-58-8765838', 'US', '2026-05-09 12:04:18'),
(79, 'Esmé', 'Haddad', 'esme.haddad79@example.com', '+34-92-4463619', 'ES', '2026-03-08 01:53:34'),
(80, 'Mateo', 'Bjørnstad', 'mateo.bjornstad80@example.com', '+45-32-8292328', 'DK', '2026-03-15 10:51:49');

INSERT INTO `wp_hbk_rooms` (`id`, `room_code`, `room_type`, `capacity`, `rate`, `active`) VALUES
(1, 'STD-01', 'Standard Room', 2, 95.00, 1),
(2, 'STD-02', 'Standard Room', 2, 95.00, 1),
(3, 'DLX-01', 'Deluxe Room', 2, 145.00, 1),
(4, 'DLX-02', 'Deluxe Room', 3, 145.00, 1),
(5, 'STE-01', 'Junior Suite', 3, 225.00, 1),
(6, 'STE-02', 'Executive Suite', 4, 295.00, 1),
(7, 'VIL-01', 'Garden Villa', 5, 395.00, 1),
(8, 'VIL-02', 'Pool Villa', 6, 450.00, 1),
(9, 'FAM-01', 'Family Room', 4, 175.00, 1),
(10, 'SGL-01', 'Single Room', 1, 75.00, 1);



/*!40101 SET SQL_MODE=@OLD_SQL_MODE */;
/*!40014 SET FOREIGN_KEY_CHECKS=@OLD_FOREIGN_KEY_CHECKS */;
/*!40014 SET UNIQUE_CHECKS=@OLD_UNIQUE_CHECKS */;
/*!40101 SET CHARACTER_SET_CLIENT=@OLD_CHARACTER_SET_CLIENT */;
/*!40101 SET CHARACTER_SET_RESULTS=@OLD_CHARACTER_SET_RESULTS */;
/*!40101 SET COLLATION_CONNECTION=@OLD_COLLATION_CONNECTION */;
/*!40111 SET SQL_NOTES=@OLD_SQL_NOTES */;